customer_id,first_name,last_name,email,address,phone
1,Michele,Robertson,floreslauren@example.org,"1778 Griffin Island, Waynetown, UT 67903",6238729634
2,Aaron,Haas,ashleydoyle@example.net,"PSC 0001, Box 6976, APO AE 91907",(592)467-7691
3,Ruth,Brown,jmartinez@example.org,"Unit 0484 Box 8452, DPO AA 14959",392.985.6351
4,Jason,Bishop,keith20@example.net,"Unit 8971 Box 4716, DPO AP 05587",001-632-967-8297x284
5,Anita,Henderson,sarahtrujillo@example.net,"694 Joseph Spurs, Jacksonville, PA 32768",5523302269
6,Stephen,Gutierrez,alexiswhitaker@example.org,"869 Golden Landing, Catherineborough, CO 24451",887-983-3713x7008
7,Ricky,Simpson,timothy67@example.net,"101 Ross Orchard Apt. 460, East Tyroneborough, PA 32635",4595313350
8,Miranda,King,marquezjodi@example.com,"053 Rebecca Green Apt. 213, West Kaylaborough, WI 31120",666-973-8664x346
9,Ryan,Williams,abigailodonnell@example.net,"54695 Hines Ports, Gloriaport, MP 09145",001-319-328-5340x39389
10,George,Medina,bgutierrez@example.com,"6787 Ana Harbor, Crystaltown, ID 37805",971.475.5982x5063
11,Jennifer,Lopez,mcarpenter@example.net,"Unit 3031 Box 5297, DPO AE 90506",941-756-4861
12,Jeff,Thomas,estradacynthia@example.com,"280 John Shores, Howellfurt, HI 59580",9155223075
13,Daniel,Poole,knoxamber@example.net,"607 Sheila Hills, Davisland, GU 06274",001-440-863-7463x08688
14,Patricia,Woods,umartinez@example.net,"1881 Morgan Trail, Shannonshire, CA 82208",884-220-0971x070
15,Kayla,Allison,jaclynshaffer@example.net,"8377 Morrison Circle Suite 646, Carrieville, AS 86407",001-742-768-7711
16,Jennifer,Gonzalez,adam36@example.org,"79689 Brown Centers, Kristieview, VI 74447",+1-210-334-6377x460
17,Shaun,Dominguez,yvonne03@example.net,"6513 Meyer Shores Apt. 701, Phillipsburgh, TX 57146",+1-912-260-7356
18,Sean,Jordan,xjones@example.org,"6966 Reeves Alley Suite 991, Youngshire, MI 94031",450.921.7791x9169
19,Linda,Scott,tjohnston@example.com,"3750 Morgan Extensions, Port Ryanberg, WI 95108",(890)422-7688
20,Dustin,Suarez,jesse01@example.org,"970 Patricia Parkways Apt. 807, New Mark, AR 03926",001-264-581-9474x9308
21,Curtis,Dennis,toddhahn@example.org,"08488 Jennifer Garden Apt. 770, Jenniferland, IL 09390",+1-796-638-7468x3491
22,Robin,Kent,fstephenson@example.net,"PSC 1352, Box 6678, APO AA 66751",631.261.4709x5123
23,Paige,Horton,ashley43@example.net,"995 Judith Square, Port Tracyfurt, IN 91707",(553)983-2487
24,Travis,Sanders,ashleyhorne@example.com,"88695 Williams Flats Suite 774, Kevinside, CT 34996",611-507-7276
25,Nathan,Montgomery,williammercado@example.net,"Unit 1362 Box 7291, DPO AA 40937",3948671867
26,Jennifer,Morris,jmunoz@example.net,"177 John Drive Apt. 307, Victoriaton, MH 46011",342-956-9634
27,Audrey,White,karl82@example.com,"1341 Karen Mission, Wolfeberg, ID 09452",+1-998-914-7896x723
28,Richard,Hill,oliviaproctor@example.org,"1449 Reid Knolls Apt. 555, New Victoriatown, VA 63176",511-523-0124x6585
29,Emily,Graham,wheelerleslie@example.org,"0738 Kramer Underpass Suite 433, New Hunterview, IN 54362",001-687-778-1413x7027
30,Crystal,Edwards,jason85@example.com,"6308 Hopkins Shoals Apt. 705, East Richardview, OK 07444",001-917-788-4021x55929
